NUM_BO,ANO_BO,ID_DELEGACIA,NOME_DEPARTAMENTO,NOME_SECCIONAL,DELEGACIA,NOME_DEPARTAMENTO_CIRC,NOME_SECCIONAL_CIRC,NOME_DELEGACIA_CIRC,ANO,MES,FLAG_STATUS,RUBRICA,DESDOBRAMENTO,CONDUTA,LATITUDE,LONGITUDE,CIDADE,LOGRADOURO,NUMERO_LOGRADOURO,FLAG_STATUS,
3784,2016,10101,DECAP,DEL.SEC.1CENTRO,01D.P.SE,DECAP,DEL.SEC.1CENTRO,78D.P.JARDINS,2016,7,C,Furto(art.155),NULL,TRANSEUNTE,-23.56498421,46.65203458,S.PAULO,AVENIDAPAULISTA,1000,C,
3426,2016,10102,DECAP,DEL.SEC.1CENTRO,02D.P.BOMRETIRO,DECAP,DEL.SEC.1CENTRO,03D.P.CAMPOSELISEOS,2016,5,C,Roubo(art.157),NULL,TRANSEUNTE,-23.5424764,-46.64192812,S.PAULO,PRAADAREPUBLICA,0,C,
6359,2016,10102,DECAP,DEL.SEC.1CENTRO,02D.P.BOMRETIRO,DECAP,DEL.SEC.1CENTRO,03D.P.CAMPOSELISEOS,2016,10,C,Drogassemautorizaoouemdesacordo(Art.33caput),NULL,NULL,-23.5421834,-46.64059853,S.PAULO,RUACONSELHEIRONEBIAS,0,C,
1267,2016,10103,DECAP,DEL.SEC.1CENTRO,03D.P.CAMPOSELISEOS,DECAP,DEL.SEC.8SAOMATEUS,49D.P.SAOMATEUS,2016,3,C,Roubo(art.157),NULL,CARGA,-23.60927461,-46.4550868,S.PAULO,RUAMADUREIRACALHEIROS,15,C,
4804,2016,10106,DECAP,DEL.SEC.1CENTRO,06D.P.CAMBUCI,DECAP,DEL.SEC.1CENTRO,06D.P.CAMBUCI,2016,12,C,Lesocorporal(art.129),NULL,NULL,-23.57392751,-46.62069322,S.PAULO,RUAROBERTSON,625,C,
4609,2016,10105,DECAP,DEL.SEC.1CENTRO,05D.P.ACLIMACAO,DECAP,DEL.SEC.1CENTRO,06D.P.CAMBUCI,2016,11,C,Furto(art.155),NULL,OUTROS,-23.56572716,-46.6318487,S.PAULO,RUAPIRESDAMOTA,295,C,
1649798,2016,900020,DIPOL-DEPTODEINTELIGENCIA,DELEGACIAELETRONICA,DELEGACIAELETRONICA,DEMACRO,DEL.SEC.OSASCO,05D.P.OSASCO,2016,12,C,Roubo(art.157),NULL,OUTROS,-23.53797137,-46.77603033,OSASCO,RUADONPRIMITIVAVIANCO,0,C,
393679,2016,900020,DIPOL-DEPTODEINTELIGENCIA,DELEGACIAELETRONICA,DELEGACIAELETRONICA,DECAP,DEL.SEC.1CENTRO,12D.P.PARI,2016,3,C,Furto(art.155),NULL,OUTROS,-23.52429533,-46.6253009,S.PAULO,AVENIDACRUZEIRODOSUL,1100,C,
529372,2016,900020,DIPOL-DEPTODEINTELIGENCIA,DELEGACIAELETRONICA,DELEGACIAELETRONICA,DECAP,DEL.SEC.2SUL,83D.P.PARQUEBRISTOL,2016,4,C,Roubo(art.157),NULL,INTERIORDEVEICULO,-23.64262309,-46.6058101,S.PAULO,AVENIDAPADREARLINDOVIEIRA,0,C,
560254,2016,900020,DIPOL-DEPTODEINTELIGENCIA,DELEGACIAELETRONICA,DELEGACIAELETRONICA,DECAP,DEL.SEC.7ITAQUERA,24D.P.PONTERASA,2016,5,C,Roubo(art.157),NULL,VEICULO,-23.52008187,-46.5060674,S.PAULO,RUACONCEICAODABREJAUBA,461,C,
836504,2016,900020,DIPOL-DEPTODEINTELIGENCIA,DELEGACIAELETRONICA,DELEGACIAELETRONICA,DECAP,DEL.SEC.2SUL,16D.P.VILACLEMENTINO,2016,7,C,Roubo(art.157),NULL,VEICULO,-23.61639473,-46.635156,S.PAULO,RUAITAPIRU,478,C,
1257647,2016,900020,DIPOL-DEPTODEINTELIGENCIA,DELEGACIAELETRONICA,DELEGACIAELETRONICA,DEMACRO,DEL.SEC.S.BERNARDODOCAMPO,03D.P.S.BERNARDODOCAMPO,2016,9,C,Roubo(art.157),NULL,TRANSEUNTE,-23.74567163,-46.56278118,S.BERNARDODOCAMPO,RUAVALDOMIROLUS,2998,C,
1323403,2016,900020,DIPOL-DEPTODEINTELIGENCIA,DELEGACIAELETRONICA,DELEGACIAELETRONICA,DECAP,DEL.SEC.1CENTRO,01D.P.SE,2016,10,C,Furto(art.155),NULL,TRANSEUNTE,-23.54947784,-46.63008282,S.PAULO,RUAVINTEECINCODEMARCO,0,C,
839511,2016,900020,DIPOL-DEPTODEINTELIGENCIA,DELEGACIAELETRONICA,DELEGACIAELETRONICA,DECAP,DEL.SEC.1CENTRO,08D.P.BRAS,2016,7,C,Roubo(art.157),NULL,VEICULO,-23.54561872,-46.59860681,S.PAULO,RUAPIRESDORIO,1900,C,
6997,2016,900020,DIPOL-DEPTODEINTELIGENCIA,DELEGACIAELETRONICA,DELEGACIAELETRONICA,DEMACRO,DEL.SEC.DIADEMA,03D.P.DIADEMA,2016,1,C,Furto(art.155),NULL,OUTROS,-23.66742405,-46.61246118,DIADEMA,RUAARMANDOPINELI,400,C,
1432118,2016,900020,DIPOL-DEPTODEINTELIGENCIA,DELEGACIAELETRONICA,DELEGACIAELETRONICA,DEMACRO,DEL.SEC.SANTOANDR,01D.P.MAUA,2016,11,C,Furto(art.155),NULL,INTERIORTRANSPORTECOLETIVO,-23.67039614,-46.48238862,MAUA,RUAMIGUELGALINDONAVARRO,188,C,
1469698,2016,900020,DIPOL-DEPTODEINTELIGENCIA,DELEGACIAELETRONICA,DELEGACIAELETRONICA,DECAP,DEL.SEC.2SUL,96D.P.MONES,2016,11,C,Roubo(art.157),NULL,TRANSEUNTE,-23.60105254,-46.69142986,S.PAULO,AVENIDAENGENHEIROLUIZCARLOSBERRINI,957,C,
270622,2016,900020,DIPOL-DEPTODEINTELIGENCIA,DELEGACIAELETRONICA,DELEGACIAELETRONICA,DECAP,DEL.SEC.3OESTE,75D.P.JARDIMARPOADOR,2016,2,C,Roubo(art.157),NULL,TRANSEUNTE,-23.573717,-46.77796216,S.PAULO,RUAMARIOCHERMONT,101,C,
298,2016,10004,DIRD-DEPTOIDENT.REG.DIV,DIV.POL.PORTO/AERO/PROT.TURIS-DECADE,06D.P.METROPOLITANO,DECAP,DEL.SEC.1CENTRO,03D.P.CAMPOSELISEOS,2016,2,C,Furto(art.155),NULL,OUTROS,-23.54795657,-46.63898783,S.PAULO,ESTAOMETROANHANGABA,0,C,
2405,2016,10102,DECAP,DEL.SEC.1CENTRO,02D.P.BOMRETIRO,DECAP,DEL.SEC.1CENTRO,03D.P.CAMPOSELISEOS,2016,4,C,Roubo(art.157),NULL,TRANSEUNTE,-23.54297063,-46.6442181,S.PAULO,RUADOAROUCHE,50,C,
4336,2016,10104,DECAP,DEL.SEC.1CENTRO,04D.P.CONSOLAO,DECAP,DEL.SEC.1CENTRO,12D.P.PARI,2016,9,C,Furtoqualificado(art.155_4o.),NULL,RESIDENCIA,-23.54022868,-46.62490775,S.PAULO,RUADAALFANDEGA,496,C,
6587,2016,10211,DECAP,DEL.SEC.6SANTOAMARO,11D.P.SANTOAMARO,DECAP,DEL.SEC.1CENTRO,01D.P.SE,2016,6,C,Furtoqualificado(art.155_4o.),NULL,TRANSEUNTE,-23.54741509,-46.63328231,S.PAULO,RUAGENERALCARNEIRO,123,C,
7524,2016,10226,DECAP,DEL.SEC.2SUL,26D.P.SACOMA,DECAP,DEL.SEC.2SUL,26D.P.SACOMA,2016,11,C,Roubo(art.157),NULL,VEICULO,-23.6113077,-46.60991623,S.PAULO,RUALINOGUEDES,305,C,
824,2016,10217,DECAP,DEL.SEC.2SUL,17D.P.DOUTORALDOGALIANO,DECAP,DEL.SEC.2SUL,17D.P.DOUTORALDOGALIANO,2016,3,C,Furto(art.155),NULL,VEICULO,-23.59926221,-46.60294793,S.PAULO,RUADOGRITO,200,C,
1023888,2016,900020,DIPOL-DEPTODEINTELIGENCIA,DELEGACIAELETRONICA,DELEGACIAELETRONICA,DEMACRO,DEL.SEC.SANTOANDR,05D.P.SANTOANDR,2016,8,C,Furto(art.155),NULL,VEICULO,-23.62416518,-46.51596556,S.ANDRE,RUAAVINHAO,191,C,
1144131,2016,900020,DIPOL-DEPTODEINTELIGENCIA,DELEGACIAELETRONICA,DELEGACIAELETRONICA,DECAP,DEL.SEC.1CENTRO,01D.P.SE,2016,9,C,Furto(art.155),NULL,INTERIORTRANSPORTECOLETIVO,-23.54436022,-46.63390505,S.PAULO,ESTAOMETROSOBENTO,0,C,
1262552,2016,900020,DIPOL-DEPTODEINTELIGENCIA,DELEGACIAELETRONICA,DELEGACIAELETRONICA,DEMACRO,DEL.SEC.S.BERNARDODOCAMPO,01D.P.S.CAETANODOSUL,2016,9,C,Furto(art.155),NULL,INTERIORESTABELECIMENTO,-23.6112464,-46.57752435,S.CAETANODOSUL,RUASENADORVERGUEIRO,428,C,
110603,2017,900020,DIPOL-DEPTODEINTELIGENCIA,DELEGACIAELETRONICA,DELEGACIAELETRONICA,DECAP,DEL.SEC.1CENTRO,01D.P.SE,2016,12,C,Furto(art.155),NULL,TRANSEUNTE,-23.55698332,-46.62765108,S.PAULO,leopoldoaugustomiguez,510,C,
188284,2016,900020,DIPOL-DEPTODEINTELIGENCIA,DELEGACIAELETRONICA,DELEGACIAELETRONICA,DEMACRO,DEL.SEC.SANTOANDR,06D.P.SANTOANDR,2016,2,C,Roubo(art.157),NULL,TRANSEUNTE,-23.68787778,-46.49849145,S.ANDRE,RUAANTUNESBRAGA,0,C,
5400,2016,30418,DEMACRO,DEL.SEC.OSASCO,05D.P.OSASCO,DEMACRO,DEL.SEC.OSASCO,06D.P.OSASCO,2016,9,C,Furto(art.155),NULL,VEICULO,-23.55113898,-46.77379393,OSASCO,RUALEONORMARIADASILVA,174,C,
8791,2016,30427,DEMACRO,DEL.SEC.CARAPICUIBA,01D.P.CARAPICUIBA,DEMACRO,DEL.SEC.CARAPICUIBA,01D.P.CARAPICUIBA,2016,9,C,Furto(art.155),NULL,INTERIORDEVEICULO,-23.52914526,-46.85196251,CARAPICUIBA,RUAGLIA,293,C,
1869,2016,120500,DEINTER7-SOROCABA,DEL.SEC.SOROCABA,DEL.SEC.SOROCABA,DECAP,DEL.SEC.8SAOMATEUS,41D.P.VILARICA,2016,2,C,Furtoqualificado(art.155_4o.),NULL,INTERIORDEVEICULO,NULL,NULL,S.PAULO,AVENIDAJOOXXIII,2537,C,
1087706,2016,900020,DIPOL-DEPTODEINTELIGENCIA,DELEGACIAELETRONICA,DELEGACIAELETRONICA,DEMACRO,DEL.SEC.S.BERNARDODOCAMPO,01D.P.S.B.C-DROMARCASSIM,2016,8,C,Furto(art.155),NULL,INTERIORESTABELECIMENTO,-23.71106348,-46.54844417,S.BERNARDODOCAMPO,RUAJOOPESSOA,498,C,
803659,2016,900020,DIPOL-DEPTODEINTELIGENCIA,DELEGACIAELETRONICA,DELEGACIAELETRONICA,DEMACRO,DEL.SEC.SANTOANDR,04D.P.SANTOANDR,2016,6,C,Furto(art.155),NULL,TRANSEUNTE,-23.63529258,-46.54614338,S.ANDRE,RUAMARIAORTIZ,398,C,
952726,2016,900020,DIPOL-DEPTODEINTELIGENCIA,DELEGACIAELETRONICA,DELEGACIAELETRONICA,DECAP,DEL.SEC.3OESTE,93D.P.JAGUAR,2016,7,C,Furto(art.155),NULL,TRANSEUNTE,-23.54522149,-46.74753993,S.PAULO,RUABARTOLOMEURIBEIRA,33,C,
11394,2016,10374,DECAP,DEL.SEC.6SANTOAMARO,101D.P.JDIMIMBUIAS,DECAP,DEL.SEC.6SANTOAMARO,101D.P.JDIMIMBUIAS,2016,12,C,Roubo(art.157),NULL,TRANSEUNTE,-23.73288094,-46.68796219,S.PAULO,RUAAMBROSIODALZA,46,C,
6909,2016,10101,DECAP,DEL.SEC.1CENTRO,01D.P.SE,DECAP,DEL.SEC.1CENTRO,01D.P.SE,2016,12,C,Furto(art.155),NULL,TRANSEUNTE,-23.55650983,-46.62945638,S.PAULO,RUADOGLICERIO,450,C,
188,2016,10103,DECAP,DEL.SEC.1CENTRO,03D.P.CAMPOSELISEOS,DECAP,DEL.SEC.1CENTRO,03D.P.CAMPOSELISEOS,2016,1,C,Furto(art.155),NULL,TRANSEUNTE,-23.5424764,-46.64192812,S.PAULO,PRAADAREPUBLICA,0,C,
1039,2016,10108,DECAP,DEL.SEC.1CENTRO,08D.P.BRAS,DECAP,DEL.SEC.1CENTRO,12D.P.PARI,2016,2,C,Furtoqualificado(art.155_4o.),4o.Seocrimecometido:,CONDOMINIOCOMERCIAL,-23.53886529,-46.62013334,S.PAULO,RUASILVIOPENTEADO,39,C,
7401,2016,10108,DECAP,DEL.SEC.1CENTRO,08D.P.BRAS,DECAP,DEL.SEC.1CENTRO,08D.P.BRAS,2016,10,C,Furto(art.155),NULL,ESTABELECIMENTOCOMERCIAL,-23.55429533,-46.60210638,S.PAULO,RUAJAVARI,403,C,
2278,2016,10217,DECAP,DEL.SEC.2SUL,17D.P.DOUTORALDOGALIANO,DECAP,DEL.SEC.2SUL,17D.P.DOUTORALDOGALIANO,2016,8,C,Lesocorporal(art.129),NULL,NULL,-23.59382545,-46.60187148,S.PAULO,RUALABATUT,490,C,
6752,2016,10108,DECAP,DEL.SEC.1CENTRO,08D.P.BRAS,DECAP,DEL.SEC.1CENTRO,08D.P.BRAS,2016,9,C,Lesocorporalculposanadireodeveculoautomotor(Art.303),NULL,NULL,-23.55274458,-46.6159468,S.PAULO,AVENIDAALCANTARAMACHADO,147,C,
1327261,2016,900020,DIPOL-DEPTODEINTELIGENCIA,DELEGACIAELETRONICA,DELEGACIAELETRONICA,DECAP,DEL.SEC.1CENTRO,08D.P.BRAS,2016,10,C,Furto(art.155),NULL,OUTROS,-23.54923107,-46.61334485,S.PAULO,RUAVISCONDEDEPARNAIBA,1253,C,
1499641,2016,900020,DIPOL-DEPTODEINTELIGENCIA,DELEGACIAELETRONICA,DELEGACIAELETRONICA,DECAP,DEL.SEC.3OESTE,15D.P.DR.LUC.HBEIGUELMAN,2016,11,C,Roubo(art.157),NULL,TRANSEUNTE,-23.5748842,-46.68844272,S.PAULO,avenidafarialima,1800,C,
1616864,2016,900020,DIPOL-DEPTODEINTELIGENCIA,DELEGACIAELETRONICA,DELEGACIAELETRONICA,DECAP,DEL.SEC.4NORTE,13D.P.CASAVERDE,2016,12,C,Furto(art.155),NULL,VEICULO,-23.50441733,-46.65692711,S.PAULO,RUAALFREDODACRUZ,1,C,
1356036,2016,900020,DIPOL-DEPTODEINTELIGENCIA,DELEGACIAELETRONICA,DELEGACIAELETRONICA,DECAP,DEL.SEC.3OESTE,37D.P.CAMPOLIMPO,2016,10,C,Furto(art.155),NULL,TRANSEUNTE,-23.64042863,-46.77469091,S.PAULO,RUAJANUARIODACUNHABARBOSA,130,C,
132484,2016,900020,DIPOL-DEPTODEINTELIGENCIA,DELEGACIAELETRONICA,DELEGACIAELETRONICA,DEMACRO,DEL.SEC.S.BERNARDODOCAMPO,04D.P.S.BERNARDODOCAMPO,2016,1,C,Furto(art.155),NULL,OUTROS,-23.8083083,-46.484206,S.BERNARDODOCAMPO,RodoviaCaminhodoMar,6825,C,
1577572,2016,900020,DIPOL-DEPTODEINTELIGENCIA,DELEGACIAELETRONICA,DELEGACIAELETRONICA,DECAP,DEL.SEC.4NORTE,13D.P.CASAVERDE,2016,12,C,Roubo(art.157),NULL,TRANSEUNTE,-23.48489369,-46.65914196,S.PAULO,RUAABURA,156,C,
553881,2016,900020,DIPOL-DEPTODEINTELIGENCIA,DELEGACIAELETRONICA,DELEGACIAELETRONICA,DEMACRO,DEL.SEC.OSASCO,04D.P.OSASCO,2016,5,C,Furto(art.155),NULL,TRANSEUNTE,-23.51060406,-46.77821801,OSASCO,AVENIDABRASIL,1361,C,
494716,2016,900020,DIPOL-DEPTODEINTELIGENCIA,DELEGACIAELETRONICA,DELEGACIAELETRONICA,DECAP,DEL.SEC.6SANTOAMARO,47D.P.CAPAOREDONDO,2016,4,C,Furto(art.155),NULL,TRANSEUNTE,-23.69638249,-46.78686087,S.PAULO,RUAJOAODEALMADA,1116,C,
790674,2016,900020,DIPOL-DEPTODEINTELIGENCIA,DELEGACIAELETRONICA,DELEGACIAELETRONICA,DEMACRO,DEL.SEC.TABOODASERRA,01D.P.TABOODASERRA,2016,6,C,Roubo(art.157),NULL,TRANSEUNTE,-23.60808227,-46.76046519,TABOAODASERRA,ACESSORODOVIARGISBITENCOURT,2378,C,
776004,2016,900020,DIPOL-DEPTODEINTELIGENCIA,DELEGACIAELETRONICA,DELEGACIAELETRONICA,DECAP,DEL.SEC.4NORTE,13D.P.CASAVERDE,2016,6,C,Roubo(art.157),NULL,TRANSEUNTE,-23.51323102,-46.6573382,S.PAULO,RUABERNARDINOFANGANIELLO,220,C,
482494,2016,900020,DIPOL-DEPTODEINTELIGENCIA,DELEGACIAELETRONICA,DELEGACIAELETRONICA,DEMACRO,DEL.SEC.MOGIDASCRUZES,DEL.POL.ITAQUAQUECETUBA,2016,4,C,Roubo(art.157),NULL,VEICULO,-23.49600549,-46.35802208,ITAQUAQUECETUBA,RUAASSISCHATEAUBRIAND,43,C,
543752,2016,900020,DIPOL-DEPTODEINTELIGENCIA,DELEGACIAELETRONICA,DELEGACIAELETRONICA,DECAP,DEL.SEC.2SUL,17D.P.DOUTORALDOGALIANO,2016,4,C,Furto(art.155),NULL,INTERIORTRANSPORTECOLETIVO,-23.59426353,-46.5899134,S.PAULO,AVENIDAPRESIDENTEWILSON,4801,C,
4587,2016,10103,DECAP,DEL.SEC.1CENTRO,03D.P.CAMPOSELISEOS,DECAP,DEL.SEC.1CENTRO,01D.P.SE,2016,9,C,Roubo(art.157),NULL,TRANSEUNTE,-23.54522255,-46.63369164,S.PAULO,LADEIRAPORTOGERAL,0,C,
6100,2016,10102,DECAP,DEL.SEC.1CENTRO,02D.P.BOMRETIRO,DECAP,DEL.SEC.1CENTRO,03D.P.CAMPOSELISEOS,2016,9,C,Roubo(art.157),NULL,TRANSEUNTE,-23.53923446,-46.64056512,S.PAULO,AVENIDARIOBRANCO,777,C,
2853,2016,10101,DECAP,DEL.SEC.1CENTRO,01D.P.SE,DECAP,DEL.SEC.1CENTRO,01D.P.SE,2016,5,C,Drogassemautorizaoouemdesacordo(Art.33caput),NULL,NULL,-23.54935965,-46.63872579,S.PAULO,PARQUEANHANGABAU,1,C,
6125,2016,10112,DECAP,DEL.SEC.1CENTRO,12D.P.PARI,DECAP,DEL.SEC.1CENTRO,12D.P.PARI,2016,12,C,Furto(art.155),NULL,TRANSEUNTE,-23.5328787,-46.62171549,S.PAULO,AVENIDAVAUTHIER,248,C,
2942,2016,10247,DECAP,DEL.SEC.6SANTOAMARO,47D.P.CAPAOREDONDO,DECAP,DEL.SEC.6SANTOAMARO,47D.P.CAPAOREDONDO,2016,3,C,Furtoqualificado(art.155_4o.),NULL,INTERIORDEVEICULO,-23.67310714,-46.79447459,S.PAULO,RUAMOACIRTAVARESDEPAIVA,398,C,
13758,2016,10216,DECAP,DEL.SEC.2SUL,16D.P.VILACLEMENTINO,DECAP,DEL.SEC.2SUL,16D.P.VILACLEMENTINO,2016,12,C,Furto(art.155),NULL,INTERIORDEVEICULO,-23.60574383,-46.63710253,S.PAULO,AVENIDAJABAQUARA,538,C,
1453536,2016,900020,DIPOL-DEPTODEINTELIGENCIA,DELEGACIAELETRONICA,DELEGACIAELETRONICA,DECAP,DEL.SEC.3OESTE,91D.P.CEASA,2016,11,C,Roubo(art.157),NULL,TRANSEUNTE,-23.52042777,-46.74609038,S.PAULO,RUAENG.MESQUITASAMPAIO,530,C,
1550782,2016,900020,DIPOL-DEPTODEINTELIGENCIA,DELEGACIAELETRONICA,DELEGACIAELETRONICA,DECAP,DEL.SEC.1CENTRO,78D.P.JARDINS,2016,12,C,Furto(art.155),NULL,TRANSEUNTE,-23.55965007,-46.65834086,S.PAULO,AVENIDAPAULISTA,1904,C,
1477471,2016,900020,DIPOL-DEPTODEINTELIGENCIA,DELEGACIAELETRONICA,DELEGACIAELETRONICA,DEMACRO,DEL.SEC.TABOODASERRA,01D.P.EMBUDASARTES,2016,11,C,Roubo(art.157),NULL,TRANSEUNTE,-23.64485351,-46.80748742,EMBUDASARTES,RUADOSNARCISOS,100,C,
668576,2016,900020,DIPOL-DEPTODEINTELIGENCIA,DELEGACIAELETRONICA,DELEGACIAELETRONICA,DEMACRO,DEL.SEC.CARAPICUIBA,DEL.POL.ITAPEVI,2016,5,C,Roubo(art.157),NULL,TRANSEUNTE,-23.53061008,-46.92682213,ITAPEVI,RUAPauloJosFernandes,244,C,
545856,2016,900020,DIPOL-DEPTODEINTELIGENCIA,DELEGACIAELETRONICA,DELEGACIAELETRONICA,DECAP,DEL.SEC.7ITAQUERA,32D.P.ITAQUERA,2016,4,C,Roubo(art.157),NULL,TRANSEUNTE,-23.52163858,-46.44077473,S.PAULO,RUAPADREANTAOJORGE,200,C,
672664,2016,900020,DIPOL-DEPTODEINTELIGENCIA,DELEGACIAELETRONICA,DELEGACIAELETRONICA,DEMACRO,DEL.SEC.GUARULHOS,DEL.POL.ARUJA,2016,5,C,Roubo(art.157),NULL,TRANSEUNTE,-23.39615854,-46.31819185,ARUJA,RUAMARANHO,267,C,
1374732,2016,900020,DIPOL-DEPTODEINTELIGENCIA,DELEGACIAELETRONICA,DELEGACIAELETRONICA,DECAP,DEL.SEC.2SUL,27D.P.IBIRAPUERA,2016,10,C,Furto(art.155),NULL,TRANSEUNTE,-23.60379468,-46.65780652,S.PAULO,ALAMEDADOSMARACATINS,0,C,
1487791,2016,900020,DIPOL-DEPTODEINTELIGENCIA,DELEGACIAELETRONICA,DELEGACIAELETRONICA,DEMACRO,DEL.SEC.GUARULHOS,01D.P.GUARULHOS,2016,11,C,Roubo(art.157),NULL,VEICULO,-23.46013847,-46.54551837,GUARULHOS,ALAMEDAYAY,297,C,
954684,2016,900020,DIPOL-DEPTODEINTELIGENCIA,DELEGACIAELETRONICA,DELEGACIAELETRONICA,DECAP,DEL.SEC.1CENTRO,02D.P.BOMRETIRO,2016,7,C,Roubo(art.157),NULL,TRANSEUNTE,-23.52204191,-46.64524656,S.PAULO,RUAJAVAES,0,C,
1081,2016,30429,DEMACRO,DEL.SEC.OSASCO,07D.P.OSASCO,DECAP,DEL.SEC.3OESTE,46D.P.PERUS,2016,11,C,Roubo(art.157),NULL,CARGA,-23.49174263,-46.75616904,S.PAULO,ESTRADATURISTICADOJARAGUA,50,C,
3807,2016,30440,DEMACRO,DEL.SEC.OSASCO,10D.P.OSASCO,DEMACRO,DEL.SEC.GUARULHOS,08D.P.GUARULHOS,2016,8,C,Roubo(art.157),NULL,VEICULO,-23.46311305,-46.48319494,GUARULHOS,AVENIDASERRABRANCA,377,C,
1975,2016,30614,DEMACRO,DEL.SEC.TABOODASERRA,01D.P.TABOODASERRA,DEMACRO,DEL.SEC.TABOODASERRA,02D.P.TABOODASERRA,2016,4,C,Furto(art.155),NULL,VEICULO,-23.62555247,-46.80752337,TABOAODASERRA,RUAGONALVESDIAS,413,C,
1041,2016,10101,DECAP,DEL.SEC.1CENTRO,01D.P.SE,DECAP,DEL.SEC.1CENTRO,01D.P.SE,2016,2,C,Roubo(art.157),NULL,ESTABELECIMENTOCOMERCIAL,-23.55375842,-46.63521276,S.PAULO,AVENIDADALIBERDADE,94,C,
4758,2016,10101,DECAP,DEL.SEC.1CENTRO,01D.P.SE,DECAP,DEL.SEC.1CENTRO,03D.P.CAMPOSELISEOS,2016,8,C,Roubo(art.157),NULL,TRANSEUNTE,-23.53905695,-46.6355684,S.PAULO,AVENIDASENADORQUEIROS,58,C,
2141,2016,10104,DECAP,DEL.SEC.1CENTRO,04D.P.CONSOLAO,DECAP,DEL.SEC.1CENTRO,03D.P.CAMPOSELISEOS,2016,5,C,Furto(art.155),NULL,VEICULO,-23.54939106,-46.64188577,S.PAULO,AVENIDANOVEDEJULHO,337,C,
1349,2016,10211,DECAP,DEL.SEC.6SANTOAMARO,11D.P.SANTOAMARO,DECAP,DEL.SEC.6SANTOAMARO,11D.P.SANTOAMARO,2016,2,C,Roubo(art.157),NULL,TRANSEUNTE,-23.64909082,-46.70970249,S.PAULO,RUABARAODORIOBRANCO,382,C,
5782,2016,10241,DECAP,DEL.SEC.3OESTE,37D.P.CAMPOLIMPO,DECAP,DEL.SEC.3OESTE,37D.P.CAMPOLIMPO,2016,11,C,Furtoqualificado(art.155_4o.),NULL,ESTABELECIMENTO-OUTROS,-23.63190636,-46.75080412,S.PAULO,RUAANDREAAPPIANI,172,C,
3094,2016,10307,DECAP,DEL.SEC.3OESTE,07D.P.LAPA,DECAP,DEL.SEC.3OESTE,07D.P.LAPA,2016,7,C,Furtoqualificado(art.155_4o.),NULL,ESTABELECIMENTOBANCARIO,-23.52518438,-46.71017294,S.PAULO,RUABARAODEJUNDIAI,916,C,
478078,2016,900020,DIPOL-DEPTODEINTELIGENCIA,DELEGACIAELETRONICA,DELEGACIAELETRONICA,DECAP,DEL.SEC.1CENTRO,78D.P.JARDINS,2016,4,C,Furto(art.155),NULL,INTERIORTRANSPORTECOLETIVO,-23.57374626,-46.65534735,S.PAULO,AVENIDABRIGADEIROLUISANTONIO,3000,C,
870102,2016,900020,DIPOL-DEPTODEINTELIGENCIA,DELEGACIAELETRONICA,DELEGACIAELETRONICA,DECAP,DEL.SEC.8SAOMATEUS,66D.P.JDIMARICANDUVA,2016,7,C,Roubo(art.157),NULL,TRANSEUNTE,-23.5570643,-46.48442407,S.PAULO,estradavelhadeitaquera,23,C,
756564,2016,900020,DIPOL-DEPTODEINTELIGENCIA,DELEGACIAELETRONICA,DELEGACIAELETRONICA,DECAP,DEL.SEC.8SAOMATEUS,49D.P.SAOMATEUS,2016,6,C,Furto(art.155),NULL,TRANSEUNTE,-23.60708268,-46.47305746,S.PAULO,AVENIDAJOSERODRIGUESSANTAREM,1112,C,
1143221,2016,900020,DIPOL-DEPTODEINTELIGENCIA,DELEGACIAELETRONICA,DELEGACIAELETRONICA,DEMACRO,DEL.SEC.S.BERNARDODOCAMPO,05D.P.S.BERNARDODOCAMPO,2016,9,C,Furto(art.155),NULL,INTERIORTRANSPORTECOLETIVO,-23.66629658,-46.57366751,S.BERNARDODOCAMPO,AvenidaSenadorVergueiro,4419,C,
1124692,2016,900020,DIPOL-DEPTODEINTELIGENCIA,DELEGACIAELETRONICA,DELEGACIAELETRONICA,DECAP,DEL.SEC.5LESTE,10D.P.PENHADEFRANCA,2016,9,C,Furto(art.155),NULL,VEICULO,-23.51648094,-46.5357608,S.PAULO,RUACORONELMEIRELES,760,C,
36,2017,30429,DEMACRO,DEL.SEC.OSASCO,07D.P.OSASCO,DEMACRO,DEL.SEC.OSASCO,07D.P.OSASCO,2016,9,C,Furto(art.155),NULL,VEICULO,NULL,NULL,OSASCO,VIELAGERALDOBEZERRA,1,C,
4558,2016,30203,DEMACRO,DEL.SEC.FRANCODAROCHA,DEL.POL.FRANCISCOMORATO,DEMACRO,DEL.SEC.FRANCODAROCHA,DEL.POL.FRANCISCOMORATO,2016,11,C,Roubo(art.157),NULL,TRANSEUNTE,-23.28437063,-46.75995823,FRANCISCOMORATO,RUAPEDROVAZDECAMINHA,200,C,
6235,2016,30309,DEMACRO,DEL.SEC.MOGIDASCRUZES,DEL.POL.SUZANO,DEMACRO,DEL.SEC.MOGIDASCRUZES,DEL.POL.SUZANO,2016,11,C,Furto(art.155),NULL,VEICULO,-23.54011512,-46.31300047,SUZANO,RUAEXPEDICIONRIOCABOKATSUOMIYAZATO,0,C,
365328,2016,900020,DIPOL-DEPTODEINTELIGENCIA,DELEGACIAELETRONICA,DELEGACIAELETRONICA,DECAP,DEL.SEC.3OESTE,51D.P.RIOPEQUENO,2016,3,C,Roubo(art.157),NULL,TRANSEUNTE,-23.58246006,-46.76096482,S.PAULO,RUAJOSEFILIPEDASILVA,391,C,
1579538,2016,900020,DIPOL-DEPTODEINTELIGENCIA,DELEGACIAELETRONICA,DELEGACIAELETRONICA,DECAP,DEL.SEC.3OESTE,15D.P.DR.LUC.HBEIGUELMAN,2016,12,C,Furto(art.155),NULL,INTERIORESTABELECIMENTO,-23.56609105,-46.68008223,S.PAULO,RUAJOAQUIMANTUNES,248,C,
116070,2016,900020,DIPOL-DEPTODEINTELIGENCIA,DELEGACIAELETRONICA,DELEGACIAELETRONICA,DECAP,DEL.SEC.2SUL,96D.P.MONES,2016,1,C,Furto(art.155),NULL,TRANSEUNTE,-23.60505279,-46.6947489,S.PAULO,RUASANSAOALVESDOSSANTOS,0,C,
334389,2016,900020,DIPOL-DEPTODEINTELIGENCIA,DELEGACIAELETRONICA,DELEGACIAELETRONICA,DEMACRO,DEL.SEC.MOGIDASCRUZES,02D.P.MOGIDASCRUZES,2016,3,C,Furto(art.155),NULL,INTERIORTRANSPORTECOLETIVO,-23.5383558,-46.22699924,MOGIDASCRUZES,AVENIDAFRANCISCOFERREIRALOPES,3337,C,
161065,2016,900020,DIPOL-DEPTODEINTELIGENCIA,DELEGACIAELETRONICA,DELEGACIAELETRONICA,DECAP,DEL.SEC.1CENTRO,05D.P.ACLIMACAO,2016,2,C,Furto(art.155),NULL,VEICULO,-23.57086607,-46.6411575,S.PAULO,RUARAMONPENHARRUBIA,16,C,
433,2016,30428,DEMACRO,DEL.SEC.CARAPICUIBA,DEL.DEF.MUL.CARAPICUIBA,DEMACRO,DEL.SEC.CARAPICUIBA,02D.P.CARAPICUIBA,2016,3,C,Lesocorporal(art1299),NULL,NULL,NULL,NULL,CARAPICUIBA,VIELAORION,4,C,
252420,2016,900020,DIPOL-DEPTODEINTELIGENCIA,DELEGACIAELETRONICA,DELEGACIAELETRONICA,DECAP,DEL.SEC.3OESTE,34D.P.MORUMBI,2016,2,C,Roubo(art.157),NULL,OUTROS,-23.59830945,-46.71998369,S.PAULO,PRAAROBERTOGOMESPEDROSA,1,C,
283028,2016,900020,DIPOL-DEPTODEINTELIGENCIA,DELEGACIAELETRONICA,DELEGACIAELETRONICA,DECAP,DEL.SEC.4NORTE,20D.P.AGUAFRIA,2016,3,C,Furto(art.155),NULL,INTERIORTRANSPORTECOLETIVO,-23.4719173,-46.61760716,S.PAULO,AVENIDANOVACANTAREIRA,0,C,
515795,2016,900020,DIPOL-DEPTODEINTELIGENCIA,DELEGACIAELETRONICA,DELEGACIAELETRONICA,DECAP,DEL.SEC.7ITAQUERA,64D.P.CID.AECARVALHO,2016,4,C,Roubo(art.157),NULL,TRANSEUNTE,-23.52031424,-46.46106086,S.PAULO,RUAPIUVA,1,C,
759022,2016,900020,DIPOL-DEPTODEINTELIGENCIA,DELEGACIAELETRONICA,DELEGACIAELETRONICA,DECAP,DEL.SEC.7ITAQUERA,59D.P.JARDIMDOSIPES,2016,6,C,Roubo(art.157),NULL,TRANSEUNTE,-23.48617571,-46.40753501,S.PAULO,RUATIETE,729,C,
821996,2016,900020,DIPOL-DEPTODEINTELIGENCIA,DELEGACIAELETRONICA,DELEGACIAELETRONICA,DECAP,DEL.SEC.7ITAQUERA,22D.P.SAOMIGUELPTA,2016,6,C,Roubo(art.157),NULL,TRANSEUNTE,-23.50934923,-46.44337786,S.PAULO,AVENIDAPIRESDORIO,3439,C,
3078,2016,30102,DEMACRO,DEL.SEC.SANTOANDR,01D.P.SANTOANDR,DEMACRO,DEL.SEC.SANTOANDR,03D.P.SANTOANDR,2016,5,C,Roubo(art.157),NULL,TRANSEUNTE,-23.68306763,-46.51206148,S.ANDRE,RUASENADORPAULOGUERRA,95,C,
1591,2016,30112,DEMACRO,DEL.SEC.S.BERNARDODOCAMPO,DEL.POL.S.CAETANODOSUL,DEMACRO,DEL.SEC.S.BERNARDODOCAMPO,03D.P.S.CAETANODOSUL,2016,5,C,Roubo(art.157),NULL,TRANSEUNTE,NULL,NULL,S.CAETANODOSUL,BOULEVARDSAOCAETANO,1,C,
3381,2016,30127,DEMACRO,DEL.SEC.DIADEMA,03D.P.DIADEMA,DEMACRO,DEL.SEC.DIADEMA,04D.P.DIADEMA,2016,7,C,Roubo(art.157),NULL,VEICULO,-23.71762465,-46.61006276,DIADEMA,RUAALTAIR,38,C,
863,2016,30127,DEMACRO,DEL.SEC.DIADEMA,03D.P.DIADEMA,DEMACRO,DEL.SEC.DIADEMA,03D.P.DIADEMA,2016,2,C,Lesocorporal(art1299),NULL,NULL,-23.67244666,-46.6055197,DIADEMA,AVENIDADOMJOOVI,920,C,
1596,2016,30216,DEMACRO,DEL.SEC.GUARULHOS,06D.P.GUARULHOS,DEMACRO,DEL.SEC.GUARULHOS,06D.P.GUARULHOS,2016,7,C,Roubo(art.157),NULL,TRANSEUNTE,-23.44713754,-46.50839601,GUARULHOS,AVENIDAOTVIOBRAGADEMESQUITA,2000,C,
5395,2016,30304,DEMACRO,DEL.SEC.MOGIDASCRUZES,DEL.POL.ITAQUAQUECETUBA,DEMACRO,DEL.SEC.MOGIDASCRUZES,DEL.POL.ITAQUAQUECETUBA,2016,7,C,Furto(art.155),NULL,INTERIORESTABELECIMENTO,NULL,NULL,ITAQUAQUECETUBA,RUACAPITOJOSLEITE,121,C,
1085106,2016,900020,DIPOL-DEPTODEINTELIGENCIA,DELEGACIAELETRONICA,DELEGACIAELETRONICA,DECAP,DEL.SEC.5LESTE,31D.P.VILACARRAO,2016,8,C,Roubo(art.157),NULL,TRANSEUNTE,-23.55700618,-46.52477757,S.PAULO,AVENIDADEZENOVEDEJANEIRO,560,C,
1633869,2016,900020,DIPOL-DEPTODEINTELIGENCIA,DELEGACIAELETRONICA,DELEGACIAELETRONICA,DECAP,DEL.SEC.6SANTOAMARO,98D.P.JARDIMMIRIAM,2016,12,C,Roubo(art.157),NULL,TRANSEUNTE,-23.69751256,-46.65936057,S.PAULO,RUARODRIGUESDEMEDEIROS,477,C,
1362624,2016,900020,DIPOL-DEPTODEINTELIGENCIA,DELEGACIAELETRONICA,DELEGACIAELETRONICA,DECAP,DEL.SEC.2SUL,17D.P.DOUTORALDOGALIANO,2016,10,C,Furto(art.155),NULL,INTERIORTRANSPORTECOLETIVO,-23.60240075,-46.61220711,S.PAULO,AVENIDADOUTORGENTILDEMOURA,272,C,
1554160,2016,900020,DIPOL-DEPTODEINTELIGENCIA,DELEGACIAELETRONICA,DELEGACIAELETRONICA,DEMACRO,DEL.SEC.GUARULHOS,02D.P.GUARULHOS,2016,12,C,Roubo(art.157),NULL,TRANSEUNTE,-23.43427331,-46.54529453,GUARULHOS,RUACACHOEIRA,0,C,
1530,2016,20119,DECAP,DEL.SEC.4NORTE,19D.P.VILAMARIA,DECAP,DEL.SEC.4NORTE,19D.P.VILAMARIA,2016,5,C,Furto(art.155),NULL,VEICULO,-23.50482156,-46.59003438,S.PAULO,RUAPORANGATU,265,C,
795350,2016,900020,DIPOL-DEPTODEINTELIGENCIA,DELEGACIAELETRONICA,DELEGACIAELETRONICA,DECAP,DEL.SEC.7ITAQUERA,50D.P.ITAIMPAULISTA,2016,6,C,Roubo(art.157),NULL,TRANSEUNTE,-23.49226554,-46.37922694,S.PAULO,RUAANTONIODANIN,0,C,
983791,2016,900020,DIPOL-DEPTODEINTELIGENCIA,DELEGACIAELETRONICA,DELEGACIAELETRONICA,DECAP,DEL.SEC.6SANTOAMARO,92D.P.P.STOANTONIO,2016,7,C,Roubo(art.157),NULL,TRANSEUNTE,-23.65348681,-46.75240057,S.PAULO,AVENIDAJACOBUSBALDI,1500,C,
1137,2016,30644,DEMACRO,DEL.SEC.CARAPICUIBA,DEL.DEF.MUL.ITAPEVI,DEMACRO,DEL.SEC.CARAPICUIBA,DEL.POL.ITAPEVI,2016,11,C,Lesocorporal(art.129),NULL,NULL,-23.54667633,-46.95887546,ITAPEVI,AVENIDAJOSCHALUPE,301,C,
1541569,2016,900020,DIPOL-DEPTODEINTELIGENCIA,DELEGACIAELETRONICA,DELEGACIAELETRONICA,DECAP,DEL.SEC.7ITAQUERA,64D.P.CID.AECARVALHO,2016,11,C,Roubo(art.157),NULL,TRANSEUNTE,-23.53775041,-46.47118171,S.PAULO,RUASURUCUAS,35,C,
6233,2016,30122,DEMACRO,DEL.SEC.DIADEMA,01D.P.DIADEMA,DEMACRO,DEL.SEC.DIADEMA,01D.P.DIADEMA,2016,11,C,Roubo(art.157),NULL,TRANSEUNTE,-23.69320244,-46.63180769,DIADEMA,RUAGSPARRICARDO,708,C,
2668,2016,30124,DEMACRO,DEL.SEC.SANTOANDR,01D.P.MAUA,DEMACRO,DEL.SEC.SANTOANDR,01D.P.MAUA,2016,4,C,Furto(art.155),NULL,RESIDENCIA,-23.65719999,-46.46658427,MAUA,RUAGERBERWOLFGANG,529,C,
582,2016,30228,DEMACRO,DEL.SEC.FRANCODAROCHA,01D.P.MAIRIPOR,DEMACRO,DEL.SEC.FRANCODAROCHA,01D.P.MAIRIPOR,2016,7,C,Roubo(art.157),NULL,TRANSEUNTE,NULL,NULL,MAIRIPORA,ESTRADALARAMARA,0,C,
5904,2016,30207,DEMACRO,DEL.SEC.GUARULHOS,02D.P.GUARULHOS,DEMACRO,DEL.SEC.GUARULHOS,01D.P.GUARULHOS,2016,11,C,Furtoqualificado(art.155_4o.),4o.Seocrimecometido:,INTERIORDEVEICULO,-23.46725004,-46.53005972,GUARULHOS,RUAFELCIOMARCONDES,220,C,
5307,2016,30212,DEMACRO,DEL.SEC.GUARULHOS,04D.P.GUARULHOS,DEMACRO,DEL.SEC.GUARULHOS,08D.P.GUARULHOS,2016,8,C,Furtoqualificado(art.155_4o.),NULL,VEICULO,-23.47229014,-46.4623061,GUARULHOS,RUAQUELUZ,97,C,
421381,2016,900020,DIPOL-DEPTODEINTELIGENCIA,DELEGACIAELETRONICA,DELEGACIAELETRONICA,DECAP,DEL.SEC.8SAOMATEUS,55D.P.PARQUES.RAFAEL,2016,4,C,Furto(art.155),NULL,INTERIORTRANSPORTECOLETIVO,-23.61360225,-46.4757915,S.PAULO,TERMINALSAOMATEUS,100,C,
2189,2016,20244,DECAP,DEL.SEC.8SAOMATEUS,44D.P.GUAIANAZES,DECAP,DEL.SEC.8SAOMATEUS,44D.P.GUAIANAZES,2016,4,C,Furto(art.155),NULL,VEICULO,-23.54813491,-46.40593263,S.PAULO,RUAIRMAOSMURGEL,442,C,
3780,2016,20241,DECAP,DEL.SEC.8SAOMATEUS,41D.P.VILARICA,DECAP,DEL.SEC.8SAOMATEUS,41D.P.VILARICA,2016,8,C,Roubo(art.157),NULL,TRANSEUNTE,-23.58179297,-46.5096568,S.PAULO,RUALOURENCODEMIRANDA,11,C,
1369,2016,30212,DEMACRO,DEL.SEC.GUARULHOS,04D.P.GUARULHOS,DECAP,DEL.SEC.7ITAQUERA,50D.P.ITAIMPAULISTA,2016,2,C,Lesocorporal(art.129),NULL,NULL,NULL,NULL,S.PAULO,RUAVITORIA,350,C,
5761,2016,20249,DECAP,DEL.SEC.8SAOMATEUS,49D.P.SAOMATEUS,DECAP,DEL.SEC.8SAOMATEUS,49D.P.SAOMATEUS,2016,5,C,Lesocorporal(art.129),NULL,NULL,-23.60536849,-46.45202435,S.PAULO,RUAGERALDOCUBAS,167,C,
3205,2016,20250,DECAP,DEL.SEC.7ITAQUERA,50D.P.ITAIMPAULISTA,DECAP,DEL.SEC.7ITAQUERA,68D.P.LAGEADO,2016,3,C,Lesocorporal(art1299),NULL,NULL,NULL,NULL,S.PAULO,RUAIGUACABA,48,C,
4283,2016,30109,DEMACRO,DEL.SEC.S.BERNARDODOCAMPO,01D.P.S.B.C-DROMARCASSIM,DEMACRO,DEL.SEC.S.BERNARDODOCAMPO,01D.P.S.B.C-DROMARCASSIM,2016,5,C,Roubo(art.157),NULL,TRANSEUNTE,-23.69604555,-46.55052448,S.BERNARDODOCAMPO,PRAASAMUELSABATINE,0,C,
1458029,2016,900020,DIPOL-DEPTODEINTELIGENCIA,DELEGACIAELETRONICA,DELEGACIAELETRONICA,DECAP,DEL.SEC.1CENTRO,78D.P.JARDINS,2016,11,C,Furto(art.155),NULL,INTERIORTRANSPORTECOLETIVO,-23.55564558,-46.66277609,S.PAULO,AVENIDAPAULISTA,0,C,
1601722,2016,900020,DIPOL-DEPTODEINTELIGENCIA,DELEGACIAELETRONICA,DELEGACIAELETRONICA,DEMACRO,DEL.SEC.TABOODASERRA,01D.P.EMBUDASARTES,2016,12,C,Furto(art.155),NULL,OUTROS,-23.65236229,-46.80784636,EMBUDASARTES,RUACERQUEIRACSAR,222,C,
1200,2016,30114,DEMACRO,DEL.SEC.S.BERNARDODOCAMPO,02D.P.S.CAETANODOSUL,DEMACRO,DEL.SEC.S.BERNARDODOCAMPO,02D.P.S.CAETANODOSUL,2016,10,C,Roubo(art.157),NULL,ESTABELECIMENTOCOMERCIAL,-23.62866341,-46.55336353,S.CAETANODOSUL,ALAMEDACASSAQUERA,766,C,
5961,2016,20241,DECAP,DEL.SEC.8SAOMATEUS,41D.P.VILARICA,DECAP,DEL.SEC.8SAOMATEUS,41D.P.VILARICA,2016,12,C,Roubo(art.157),NULL,VEICULO,-23.59166373,-46.5133624,S.PAULO,RUAANAESSIPOVA,200,C,
3584,2016,30306,DEMACRO,DEL.SEC.MOGIDASCRUZES,01D.P.MOGIDASCRUZES,DEMACRO,DEL.SEC.MOGIDASCRUZES,01D.P.MOGIDASCRUZES,2016,8,C,Furto(art.155),NULL,RESIDENCIA,-23.55925508,-46.13399614,MOGIDASCRUZES,ESTRADANAGAO,5,C,
1110,2016,30307,DEMACRO,DEL.SEC.MOGIDASCRUZES,02D.P.MOGIDASCRUZES,DEMACRO,DEL.SEC.MOGIDASCRUZES,02D.P.MOGIDASCRUZES,2016,3,C,Furto(art.155),NULL,RESIDENCIA,-23.54545355,-46.20528372,MOGIDASCRUZES,RUAITAQUAQUECETUBA,250,C,
788697,2016,900020,DIPOL-DEPTODEINTELIGENCIA,DELEGACIAELETRONICA,DELEGACIAELETRONICA,DECAP,DEL.SEC.8SAOMATEUS,55D.P.PARQUES.RAFAEL,2016,6,C,Roubo(art.157),NULL,TRANSEUNTE,-23.61296564,-46.47238424,S.PAULO,AVENIDASAPOPEMBA,13913,C,
294181,2016,900020,DIPOL-DEPTODEINTELIGENCIA,DELEGACIAELETRONICA,DELEGACIAELETRONICA,DECAP,DEL.SEC.4NORTE,09D.P.-CARANDIRU,2016,3,C,Furto(art.155),NULL,TRANSEUNTE,-23.50407502,-46.62465213,S.PAULO,AVENIDACRUZEIRODOSUL,3142,C,
519418,2016,900020,DIPOL-DEPTODEINTELIGENCIA,DELEGACIAELETRONICA,DELEGACIAELETRONICA,DEMACRO,DEL.SEC.S.BERNARDODOCAMPO,03D.P.S.BERNARDODOCAMPO,2016,4,C,Roubo(art.157),NULL,VEICULO,-23.724018,-46.57522868,S.BERNARDODOCAMPO,PRAAGEOVANEBRDA,1916,C,
677893,2016,900020,DIPOL-DEPTODEINTELIGENCIA,DELEGACIAELETRONICA,DELEGACIAELETRONICA,DECAP,DEL.SEC.1CENTRO,78D.P.JARDINS,2016,5,C,Furto(art.155),NULL,TRANSEUNTE,-23.5587662,-46.65959128,S.PAULO,AVENIDAPAULISTA,2100,C,
1239847,2016,900020,DIPOL-DEPTODEINTELIGENCIA,DELEGACIAELETRONICA,DELEGACIAELETRONICA,DEMACRO,DEL.SEC.S.BERNARDODOCAMPO,06D.P.S.BERNARDODOCAMPO,2016,9,C,Roubo(art.157),NULL,TRANSEUNTE,-23.70825626,-46.52552421,S.BERNARDODOCAMPO,RUADOSVIANAS,3434,C,
1244275,2016,900020,DIPOL-DEPTODEINTELIGENCIA,DELEGACIAELETRONICA,DELEGACIAELETRONICA,DECAP,DEL.SEC.2SUL,96D.P.MONES,2016,9,C,Furto(art.155),NULL,VEICULO,-23.61100917,-46.69793793,S.PAULO,AVENIDAJORNALISTAROBERTOMARINHO,85,C,
127908,2016,900020,DIPOL-DEPTODEINTELIGENCIA,DELEGACIAELETRONICA,DELEGACIAELETRONICA,DECAP,DEL.SEC.6SANTOAMARO,47D.P.CAPAOREDONDO,2016,1,C,Roubo(art.157),NULL,TRANSEUNTE,-23.67356248,-46.79680786,S.PAULO,estradadalogacao,120,C,
292387,2016,900020,DIPOL-DEPTODEINTELIGENCIA,DELEGACIAELETRONICA,DELEGACIAELETRONICA,DEMACRO,DEL.SEC.GUARULHOS,02D.P.GUARULHOS,2016,3,C,Roubo(art.157),NULL,TRANSEUNTE,-23.43680925,-46.54848705,GUARULHOS,RUAITAGUA,1468,C,
448716,2016,900020,DIPOL-DEPTODEINTELIGENCIA,DELEGACIAELETRONICA,DELEGACIAELETRONICA,DECAP,DEL.SEC.3OESTE,23D.P.PERDIZES,2016,4,C,Furto(art.155),NULL,OUTROS,-23.51904902,-46.66565493,S.PAULO,RUARUBENSMEIRELES,281,C,
536289,2016,900020,DIPOL-DEPTODEINTELIGENCIA,DELEGACIAELETRONICA,DELEGACIAELETRONICA,DECAP,DEL.SEC.8SAOMATEUS,70D.P.VILAEMA,2016,4,C,Furto(art.155),NULL,VEICULO,-23.60389469,-46.53775768,S.PAULO,RUALISAANSORGE,473,C,
202569,2016,900020,DIPOL-DEPTODEINTELIGENCIA,DELEGACIAELETRONICA,DELEGACIAELETRONICA,DECAP,DEL.SEC.1CENTRO,03D.P.CAMPOSELISEOS,2016,2,C,Furto(art.155),NULL,INTERIORTRANSPORTECOLETIVO,-23.54857264,-46.63928507,S.PAULO,RUAFORMOSA,0,C,
752890,2016,900020,DIPOL-DEPTODEINTELIGENCIA,DELEGACIAELETRONICA,DELEGACIAELETRONICA,DECAP,DEL.SEC.3OESTE,14D.P.PINHEIROS,2016,6,C,Furto(art.155),NULL,INTERIORTRANSPORTECOLETIVO,-23.56736802,-46.70115297,S.PAULO,RUAGILBERTOSABINO,5701,C,
1377429,2016,900020,DIPOL-DEPTODEINTELIGENCIA,DELEGACIAELETRONICA,DELEGACIAELETRONICA,DECAP,DEL.SEC.1CENTRO,01D.P.SE,2016,10,C,Furto(art.155),NULL,INTERIORTRANSPORTECOLETIVO,-23.55160617,-46.6324797,S.PAULO,RUAANITAGARIBALDI,300,C,
174,2017,70106,DEINTER2-CAMPINAS,DEL.SEC.BRAGANAPAULISTA,DEL.POL.JOANPOLIS,DECAP,DEL.SEC.6SANTOAMARO,25D.P.PARELHEIROS,2016,4,C,Furto(art.155),NULL,OUTROS,-23.80062339,-46.7399246,S.PAULO,RODOVIARODOANELTRECHOSUL,54,C,
1092587,2016,900020,DIPOL-DEPTODEINTELIGENCIA,DELEGACIAELETRONICA,DELEGACIAELETRONICA,DECAP,DEL.SEC.3OESTE,93D.P.JAGUAR,2016,8,C,Roubo(art.157),NULL,INTERIORDEVEICULO,-23.55371356,-46.74282463,S.PAULO,AVENIDAMIGUELFRIASEVASCONCELOS,0,C,
1410661,2016,900020,DIPOL-DEPTODEINTELIGENCIA,DELEGACIAELETRONICA,DELEGACIAELETRONICA,DECAP,DEL.SEC.4NORTE,40D.P.VILASTAMARIA,2016,11,C,Furto(art.155),NULL,OUTROS,-23.50614141,-46.67716341,S.PAULO,RUAJACOFER,615,C,
55660,2016,900020,DIPOL-DEPTODEINTELIGENCIA,DELEGACIAELETRONICA,DELEGACIAELETRONICA,DECAP,DEL.SEC.4NORTE,40D.P.VILASTAMARIA,2016,1,C,Roubo(art.157),NULL,TRANSEUNTE,-23.49094009,-46.68429947,S.PAULO,rua:carlosmarquesteixeira,308,C,
144219,2016,900020,DIPOL-DEPTODEINTELIGENCIA,DELEGACIAELETRONICA,DELEGACIAELETRONICA,DECAP,DEL.SEC.6SANTOAMARO,101D.P.JDIMIMBUIAS,2016,1,C,Roubo(art.157),NULL,TRANSEUNTE,-23.73396916,-46.66891459,S.PAULO,TRAVESSAQUILARAIBA,15,C,
6977,2016,30403,DEMACRO,DEL.SEC.CARAPICUIBA,DEL.POL.COTIA,DEMACRO,DEL.SEC.CARAPICUIBA,DEL.POL.VARGEMGRANDEPTA,2016,12,C,Lesocorporalculposanadireodeveculoautomotor(Art.303),NULL,NULL,NULL,NULL,VARGEMGRANDEPAULISTA,RUAJOOCORREIRADOSSANTOS,13,C,
783760,2016,900020,DIPOL-DEPTODEINTELIGENCIA,DELEGACIAELETRONICA,DELEGACIAELETRONICA,DECAP,DEL.SEC.3OESTE,37D.P.CAMPOLIMPO,2016,6,C,Furto(art.155),NULL,INTERIORTRANSPORTECOLETIVO,-23.65983056,-46.7703358,S.PAULO,ESTRADADEITAPECERICA,4320,C,
3527,2016,30418,DEMACRO,DEL.SEC.OSASCO,05D.P.OSASCO,DEMACRO,DEL.SEC.OSASCO,05D.P.OSASCO,2016,6,C,Furto(art.155),NULL,INTERIORTRANSPORTECOLETIVO,-23.53402539,-46.77941601,OSASCO,RUAANTNIOAG,500,C,
907165,2016,900020,DIPOL-DEPTODEINTELIGENCIA,DELEGACIAELETRONICA,DELEGACIAELETRONICA,DEMACRO,DEL.SEC.S.BERNARDODOCAMPO,01D.P.S.B.C-DROMARCASSIM,2016,7,C,Furto(art.155),NULL,VEICULO,-23.71600962,-46.55187914,S.BERNARDODOCAMPO,AVENIDABRIGADEIROFARIALIMA,0,C,
1560,2016,20249,DECAP,DEL.SEC.8SAOMATEUS,49D.P.SAOMATEUS,DECAP,DEL.SEC.8SAOMATEUS,49D.P.SAOMATEUS,2016,2,C,Roubo(art.157),NULL,TRANSEUNTE,-23.59958836,-46.43678567,S.PAULO,RUARIBEIRAODOSARCOS,166,C,
1615,2016,20301,DECAP,DEL.SEC.7ITAQUERA,103D.P.COHABII/ITAQU.,DECAP,DEL.SEC.5LESTE,56D.P.VILAALPINA,2016,4,C,Furto(art.155),NULL,OUTROS,-23.58848814,-46.58702477,S.PAULO,RUAIGARATA,161,C,
2422,2016,20301,DECAP,DEL.SEC.7ITAQUERA,103D.P.COHABII/ITAQU.,DECAP,DEL.SEC.4NORTE,09D.P.-CARANDIRU,2016,6,C,Furto(art.155),NULL,OUTROS,-23.49675275,-46.60724354,S.PAULO,RUAMANGALO,48,C,
1194,2016,20301,DECAP,DEL.SEC.7ITAQUERA,103D.P.COHABII/ITAQU.,DECAP,DEL.SEC.7ITAQUERA,103D.P.COHABII/ITAQU.,2016,3,C,Furtoqualificado(art.155_4o.),NULL,ESTABELECIMENTOENSINO,-23.5537358,-46.43785735,S.PAULO,RUAPAISAGEMNOTURNA,353,C,
6362,2016,30401,DEMACRO,DEL.SEC.CARAPICUIBA,DEL.POL.BARUERI,DEMACRO,DEL.SEC.CARAPICUIBA,DEL.POL.BARUERI,2016,11,C,Furtoqualificado(art.155_4o.),NULL,RESIDENCIA,-23.50103336,-46.87317967,BARUERI,RUAANTNIOCHALUPE,434,C,
3115,2016,30203,DEMACRO,DEL.SEC.FRANCODAROCHA,DEL.POL.FRANCISCOMORATO,DEMACRO,DEL.SEC.FRANCODAROCHA,DEL.POL.FRANCISCOMORATO,2016,8,C,Furto(art.155),NULL,VEICULO,-23.28189134,-46.75424873,FRANCISCOMORATO,RUAVIRGLIOMARTINSDEOLIVEIRA,1327,C,
723605,2016,900020,DIPOL-DEPTODEINTELIGENCIA,DELEGACIAELETRONICA,DELEGACIAELETRONICA,DECAP,DEL.SEC.8SAOMATEUS,41D.P.VILARICA,2016,6,C,Furto(art.155),NULL,TRANSEUNTE,-23.56094863,-46.5208304,S.PAULO,RUATUPA,109,C,
732914,2016,900020,DIPOL-DEPTODEINTELIGENCIA,DELEGACIAELETRONICA,DELEGACIAELETRONICA,DECAP,DEL.SEC.8SAOMATEUS,70D.P.VILAEMA,2016,6,C,Roubo(art.157),NULL,TRANSEUNTE,-23.59025502,-46.53194792,S.PAULO,RUALOBATO,0,C,
1278340,2016,900020,DIPOL-DEPTODEINTELIGENCIA,DELEGACIAELETRONICA,DELEGACIAELETRONICA,DECAP,DEL.SEC.5LESTE,29D.P.VILAPRUDENTE,2016,10,C,Roubo(art.157),NULL,TRANSEUNTE,-23.55667988,-46.57660578,S.PAULO,RUAAGUARASA,0,C,
1528272,2016,900020,DIPOL-DEPTODEINTELIGENCIA,DELEGACIAELETRONICA,DELEGACIAELETRONICA,DEMACRO,DEL.SEC.SANTOANDR,01D.P.SANTOANDR,2016,11,C,Furto(art.155),NULL,TRANSEUNTE,-23.651816,-46.528537,S.ANDRE,ESTAOTREMSANTOANDRE,0,C,
144,2016,20242,DECAP,DEL.SEC.5LESTE,42D.P.PARQUES.LUCAS,DECAP,DEL.SEC.5LESTE,42D.P.PARQUES.LUCAS,2016,1,C,Roubo(art.157),NULL,TRANSEUNTE,-23.59581463,-46.55040455,S.PAULO,RUACESARIODOSSANTOS,471,C,
1709,2016,20242,DECAP,DEL.SEC.5LESTE,42D.P.PARQUES.LUCAS,DECAP,DEL.SEC.5LESTE,42D.P.PARQUES.LUCAS,2016,7,C,Furtoqualificado(art.155_4o.),NULL,INTERIORESTABELECIMENTO,-23.58834158,-46.55824974,S.PAULO,RUAAUGUSTOPIACENTINI,32,C,
4160,2016,20221,DECAP,DEL.SEC.5LESTE,21D.P.VILAMATILDE,DECAP,DEL.SEC.5LESTE,31D.P.VILACARRAO,2016,10,C,Roubo(art.157),NULL,VEICULO,-23.55275276,-46.5231581,S.PAULO,RUADOUTORCRISTINIANOALTENFELDERSILVA,496,C,
1415,2016,30201,DEMACRO,DEL.SEC.GUARULHOS,DEL.POL.ARUJA,DEMACRO,DEL.SEC.GUARULHOS,DEL.POL.ARUJA,2016,4,C,A.I.-Lesocorporal(art.129),NULL,NULL,NULL,NULL,ARUJA,RUAWALDOMIROLUIZCOUTINHO,401,C,
3666,2016,30102,DEMACRO,DEL.SEC.SANTOANDR,01D.P.SANTOANDR,DEMACRO,DEL.SEC.SANTOANDR,01D.P.SANTOANDR,2016,6,C,Roubo(art.157),NULL,TRANSEUNTE,-23.66541772,-46.54149353,S.ANDRE,RUAADOLFOBASTOS,37,C,
3455,2016,30127,DEMACRO,DEL.SEC.DIADEMA,03D.P.DIADEMA,DEMACRO,DEL.SEC.DIADEMA,02D.P.DIADEMA,2016,8,C,Furtoqualificado(art.155_4o.),NULL,RESIDENCIA,-23.69038492,-46.58728275,DIADEMA,RUAATALFOALVES,116,C,
837907,2016,900020,DIPOL-DEPTODEINTELIGENCIA,DELEGACIAELETRONICA,DELEGACIAELETRONICA,DECAP,DEL.SEC.3OESTE,34D.P.MORUMBI,2016,7,C,Furto(art.155),NULL,VEICULO,-23.58687746,-46.73705905,S.PAULO,AVENIDAMINISTROLAUDOFERREIRADECAMAR,388,C,
960049,2016,900020,DIPOL-DEPTODEINTELIGENCIA,DELEGACIAELETRONICA,DELEGACIAELETRONICA,DECAP,DEL.SEC.3OESTE,34D.P.MORUMBI,2016,7,C,Furto(art.155),NULL,INTERIORTRANSPORTECOLETIVO,-23.57431888,-46.6997133,S.PAULO,AVENIDAMARGINALDORIOPINHEIROS,0,C,
1326039,2016,900020,DIPOL-DEPTODEINTELIGENCIA,DELEGACIAELETRONICA,DELEGACIAELETRONICA,DECAP,DEL.SEC.2SUL,95D.P.HELIPOLIS,2016,10,C,Furto(art.155),NULL,VEICULO,-23.61092432,-46.60363075,S.PAULO,R.AMRICOSAMARONE,804,C,
2382,2016,30107,DEMACRO,DEL.SEC.SANTOANDR,06D.P.SANTOANDR,DEMACRO,DEL.SEC.SANTOANDR,06D.P.SANTOANDR,2016,7,C,Furto(art.155),Meioempregadoparadestruioourompimentodeobstculosubtraodacoisa,RESIDENCIA,-23.70981339,-46.5004588,S.ANDRE,RUACISTERCENSE,121,C,
4894,2016,30124,DEMACRO,DEL.SEC.SANTOANDR,01D.P.MAUA,DEMACRO,DEL.SEC.SANTOANDR,02D.P.MAUA,2016,7,C,Furto(art.155),NULL,VEICULO,-23.6739094,-46.45219498,MAUA,RUASANTACLARA,88,C,
4206,2016,30124,DEMACRO,DEL.SEC.SANTOANDR,01D.P.MAUA,DEMACRO,DEL.SEC.SANTOANDR,01D.P.MAUA,2016,6,C,Furtoqualificado(art.155_4o.),NULL,OUTROS,-23.67090484,-46.45694703,MAUA,RUARIOBRANCO,54,C,
1430112,2016,900020,DIPOL-DEPTODEINTELIGENCIA,DELEGACIAELETRONICA,DELEGACIAELETRONICA,DECAP,DEL.SEC.2SUL,16D.P.VILACLEMENTINO,2016,10,C,Furto(art.155),NULL,OUTROS,-23.59819905,-46.64520056,S.PAULO,RUAPEDRODETOLEDO,844,C,
21425,2016,900020,DIPOL-DEPTODEINTELIGENCIA,DELEGACIAELETRONICA,DELEGACIAELETRONICA,DEMACRO,DEL.SEC.SANTOANDR,02D.P.MAUA,2016,1,C,Furto(art.155),NULL,VEICULO,-23.67442317,-46.44720163,MAUA,RUABARTOLOMEUDEGUSMO,397,C,
415002,2016,900020,DIPOL-DEPTODEINTELIGENCIA,DELEGACIAELETRONICA,DELEGACIAELETRONICA,DECAP,DEL.SEC.1CENTRO,04D.P.CONSOLAO,2016,3,C,Furto(art.155),NULL,INTERIORESTABELECIMENTO,-23.54705246,-46.65010978,S.PAULO,RUAMARIAANTONIA,140,C,
436902,2016,900020,DIPOL-DEPTODEINTELIGENCIA,DELEGACIAELETRONICA,DELEGACIAELETRONICA,DECAP,DEL.SEC.6SANTOAMARO,47D.P.CAPAOREDONDO,2016,4,C,Roubo(art.157),NULL,TRANSEUNTE,-23.6575181,-46.78208798,S.PAULO,RUAALFREDOLORENZ,195,C,
846856,2016,900020,DIPOL-DEPTODEINTELIGENCIA,DELEGACIAELETRONICA,DELEGACIAELETRONICA,DEMACRO,DEL.SEC.SANTOANDR,01D.P.MAUA,2016,7,C,Furto(art.155),NULL,VEICULO,-23.65299549,-46.49287206,MAUA,RUAMANOELDANBREGA,502,C,
1051670,2016,900020,DIPOL-DEPTODEINTELIGENCIA,DELEGACIAELETRONICA,DELEGACIAELETRONICA,DECAP,DEL.SEC.3OESTE,07D.P.LAPA,2016,8,C,Furto(art.155),NULL,INTERIORTRANSPORTECOLETIVO,-23.51443662,-46.70128426,S.PAULO,AvenidaMarquesdeSoVicente,3301,C,
1166,2016,20120,DECAP,DEL.SEC.4NORTE,20D.P.AGUAFRIA,DECAP,DEL.SEC.4NORTE,20D.P.AGUAFRIA,2016,1,C,Roubo(art.157),NULL,TRANSEUNTE,-23.44183413,-46.59413801,S.PAULO,AVENIDACORONELSEZEFREDOFAGUNDES,5000,C,
840713,2016,900020,DIPOL-DEPTODEINTELIGENCIA,DELEGACIAELETRONICA,DELEGACIAELETRONICA,DECAP,DEL.SEC.3OESTE,07D.P.LAPA,2016,7,C,Furto(art.155),NULL,INTERIORESTABELECIMENTO,-23.52308185,-46.68787611,S.PAULO,RUAGUAICURUS,324,C,
3891,2016,20113,DECAP,DEL.SEC.4NORTE,13D.P.CASAVERDE,DECAP,DEL.SEC.4NORTE,28D.P.FREGUESIADOO,2016,4,C,Furtoqualificado(art.155_4o.),4o.Seocrimecometido:,INTERIORDEVEICULO,-23.50091476,-46.70670465,S.PAULO,AVENIDAGENERALEDGARFACO,730,C,
126,2016,20244,DECAP,DEL.SEC.8SAOMATEUS,44D.P.GUAIANAZES,DECAP,DEL.SEC.8SAOMATEUS,44D.P.GUAIANAZES,2016,1,C,Lesocorporal(art.129),NULL,NULL,NULL,NULL,S.PAULO,RUALUIZRUBINO,54,C,
1066952,2016,900020,DIPOL-DEPTODEINTELIGENCIA,DELEGACIAELETRONICA,DELEGACIAELETRONICA,DECAP,DEL.SEC.4NORTE,74D.P.PARADATAIPAS,2016,8,C,Roubo(art.157),NULL,TRANSEUNTE,-23.44232334,-46.71317531,S.PAULO,RUAJOAOAMADOCOUTINHO,850,C,
1560052,2016,900020,DIPOL-DEPTODEINTELIGENCIA,DELEGACIAELETRONICA,DELEGACIAELETRONICA,DECAP,DEL.SEC.7ITAQUERA,22D.P.SAOMIGUELPTA,2016,10,C,Furto(art.155),NULL,TRANSEUNTE,-23.49197668,-46.44477009,S.PAULO,AVENIDAMARECHALTITO,0,C,
1419107,2016,900020,DIPOL-DEPTODEINTELIGENCIA,DELEGACIAELETRONICA,DELEGACIAELETRONICA,DEMACRO,DEL.SEC.GUARULHOS,01D.P.GUARULHOS,2016,11,C,Roubo(art.157),NULL,OUTROS,-23.45353622,-46.53456693,GUARULHOS,AVENIDAPAULOFACINI,0,C,
330635,2016,900020,DIPOL-DEPTODEINTELIGENCIA,DELEGACIAELETRONICA,DELEGACIAELETRONICA,DECAP,DEL.SEC.1CENTRO,01D.P.SE,2016,3,C,Furto(art.155),NULL,TRANSEUNTE,-23.56191687,-46.63867064,S.PAULO,AVENIDADALIBERDADE,1000,C,
128291,2016,900020,DIPOL-DEPTODEINTELIGENCIA,DELEGACIAELETRONICA,DELEGACIAELETRONICA,DEMACRO,DEL.SEC.DIADEMA,02D.P.DIADEMA,2016,1,C,Furto(art.155),NULL,TRANSEUNTE,-23.69806209,-46.59685328,DIADEMA,RUASOLEOPOLDO,60,C,
171558,2016,900020,DIPOL-DEPTODEINTELIGENCIA,DELEGACIAELETRONICA,DELEGACIAELETRONICA,DECAP,DEL.SEC.3OESTE,15D.P.DR.LUC.HBEIGUELMAN,2016,2,C,Furto(art.155),NULL,TRANSEUNTE,-23.57565068,-46.6877534,S.PAULO,AVENIDABRIGADEIROFARIALIMA,919,C,
613819,2016,900020,DIPOL-DEPTODEINTELIGENCIA,DELEGACIAELETRONICA,DELEGACIAELETRONICA,DECAP,DEL.SEC.2SUL,97D.P.AMERICANOPOLIS,2016,4,C,Furto(art.155),NULL,OUTROS,-23.66059215,-46.64629587,S.PAULO,AVENIDAJOAOMARIADEALMEIDA,265,C,
894096,2016,900020,DIPOL-DEPTODEINTELIGENCIA,DELEGACIAELETRONICA,DELEGACIAELETRONICA,DEMACRO,DEL.SEC.GUARULHOS,01D.P.GUARULHOS,2016,7,C,Furto(art.155),NULL,INTERIORTRANSPORTECOLETIVO,-23.45820547,-46.53332344,GUARULHOS,AVENIDASALGADOFILHO,860,C,
949773,2016,900020,DIPOL-DEPTODEINTELIGENCIA,DELEGACIAELETRONICA,DELEGACIAELETRONICA,DECAP,DEL.SEC.5LESTE,10D.P.PENHADEFRANCA,2016,7,C,Roubo(art.157),NULL,TRANSEUNTE,-23.50473845,-46.5371061,S.PAULO,RUACATATEUS,1,C,
537,2017,10365,DECAP,DEL.SEC.4NORTE,90D.P.PQ.NOVOMUNDO,DECAP,DEL.SEC.4NORTE,90D.P.PQ.NOVOMUNDO,2016,10,C,Furto(art.155),NULL,INTERIORDEVEICULO,-23.5202673,-46.56384205,S.PAULO,TRAVESSAWALTERDEALMEIDA,9,C,
1707,2016,30418,DEMACRO,DEL.SEC.OSASCO,05D.P.OSASCO,DEMACRO,DEL.SEC.OSASCO,05D.P.OSASCO,2016,3,C,Roubo(art.157),caput.Subtraircoisamvelalheia_mediantegraveameaaouviolnciaapessoa,TRANSEUNTE,-23.52495651,-46.78659841,OSASCO,AVENIDAMARECHALRONDON,200,C,
14040,2016,170410,PRODESP,POLICIAMILITAR,POLICIAMILITAR,DECAP,DEL.SEC.3OESTE,23D.P.PERDIZES,2016,5,C,Furto(art.155),NULL,VEICULO,-23.54109367,-46.68414773,S.PAULO,RUAAIMBERE,1282,C,
655,2016,20113,DECAP,DEL.SEC.4NORTE,13D.P.CASAVERDE,DECAP,DEL.SEC.4NORTE,28D.P.FREGUESIADOO,2016,1,C,Roubo(art.157),NULL,RESIDENCIA,-23.49720191,-46.70102692,S.PAULO,RUABRENOCAVALHAES,175,C,
20523,2016,170410,PRODESP,POLICIAMILITAR,POLICIAMILITAR,DECAP,DEL.SEC.3OESTE,37D.P.CAMPOLIMPO,2016,7,C,Furto(art.155),NULL,OUTROS,-23.65609785,-46.76275709,S.PAULO,ESTRADADEITAPECERICA,0,C,
8507,2016,20249,DECAP,DEL.SEC.8SAOMATEUS,49D.P.SAOMATEUS,DECAP,DEL.SEC.8SAOMATEUS,49D.P.SAOMATEUS,2016,8,C,Roubo(art.157),NULL,VEICULO,-23.59972615,-46.48238645,S.PAULO,RUAVITORIOAZZALIN,430,C,
